{
  "created_at": "2026-06-29T09:13:09Z",
  "ok_indices": [
    1969,
    1970,
    1972,
    1973,
    1974,
    1975,
    1976,
    1977,
    1978,
    1979,
    1980,
    1981,
    1982,
    1983,
    1984,
    1986,
    1987,
    1988,
    1989,
    1990,
    1991,
    1992,
    1993,
    1994,
    1995,
    1996,
    1997,
    1998,
    1999,
    2000,
    2002,
    2003,
    2004,
    2005,
    2006,
    2007,
    2008,
    2009,
    2010,
    2011,
    2012,
    2013,
    2014,
    2015,
    2016,
    2017,
    2018,
    2019,
    2020,
    2021,
    2022,
    2023,
    2024,
    2025,
    2026,
    2027,
    2028,
    2029,
    2032,
    2033,
    2034,
    2035,
    2036,
    2037,
    2038,
    2039,
    2040,
    2041,
    2042,
    2043,
    2045,
    2046,
    2047,
    2048,
    2049,
    2050,
    2051,
    2052,
    2053,
    2054,
    2055,
    2056,
    2058,
    2059,
    2060,
    2061,
    2062,
    2063,
    2064,
    2065,
    2066,
    2067,
    2068,
    2070,
    2071,
    2072,
    2073,
    2074,
    2076,
    2077,
    2080,
    2081,
    2082,
    2083,
    2084,
    2085,
    2086,
    2087,
    2088,
    2089,
    2090,
    2091,
    2092,
    2093,
    2094,
    2095,
    2096,
    2097,
    2098,
    2100,
    2101,
    2102,
    2103,
    2105,
    2106,
    2107,
    2108,
    2109
  ],
  "payloads_used": 128,
  "physical_datasets": {
    "Zto2Nu-2Jets_Bin-1J-PTNuNu-100to200_TuneCP5_13p6TeV_amcatnloFXFX-pythia8-RunIII2024Summer24NanoAODv15-150X_mcRun3_2024_realistic_v2-v2": {
      "files_processed": 3,
      "records": 1,
      "sumw": 1851667902.4928703,
      "xsec_pb": 78.91
    },
    "Zto2Nu-2Jets_Bin-1J-PTNuNu-200to400_TuneCP5_13p6TeV_amcatnloFXFX-pythia8-RunIII2024Summer24NanoAODv15-150X_mcRun3_2024_realistic_v2-v2": {
      "files_processed": 24,
      "records": 5,
      "sumw": 191353250.525604,
      "xsec_pb": 5.406
    },
    "Zto2Nu-2Jets_Bin-1J-PTNuNu-400to600_TuneCP5_13p6TeV_amcatnloFXFX-pythia8-RunIII2024Summer24NanoAODv15-150X_mcRun3_2024_realistic_v2-v2": {
      "files_processed": 37,
      "records": 7,
      "sumw": 12969156.145886999,
      "xsec_pb": 0.1693
    },
    "Zto2Nu-2Jets_Bin-1J-PTNuNu-40to100_TuneCP5_13p6TeV_amcatnloFXFX-pythia8-RunIII2024Summer24NanoAODv15-150X_mcRun3_2024_realistic_v2-v3": {
      "files_processed": 1291,
      "records": 173,
      "sumw": 2035422289345.2754,
      "xsec_pb": 885.7
    },
    "Zto2Nu-2Jets_Bin-1J-PTNuNu-600_TuneCP5_13p6TeV_amcatnloFXFX-pythia8-RunIII2024Summer24NanoAODv15-150X_mcRun3_2024_realistic_v2-v2": {
      "files_processed": 43,
      "records": 8,
      "sumw": 2078567.4236219602,
      "xsec_pb": 0.01895
    },
    "Zto2Nu-2Jets_Bin-2J-PTNuNu-100to200_TuneCP5_13p6TeV_amcatnloFXFX-pythia8-RunIII2024Summer24NanoAODv15-150X_mcRun3_2024_realistic_v2-v2": {
      "files_processed": 57,
      "records": 18,
      "sumw": 29457235518.9882,
      "xsec_pb": 100.2
    },
    "Zto2Nu-2Jets_Bin-2J-PTNuNu-200to400_TuneCP5_13p6TeV_amcatnloFXFX-pythia8-RunIII2024Summer24NanoAODv15-150X_mcRun3_2024_realistic_v2-v2": {
      "files_processed": 36,
      "records": 6,
      "sumw": 731887410.6228201,
      "xsec_pb": 13.76
    },
    "Zto2Nu-2Jets_Bin-2J-PTNuNu-400to600_TuneCP5_13p6TeV_amcatnloFXFX-pythia8-RunIII2024Summer24NanoAODv15-150X_mcRun3_2024_realistic_v2-v2": {
      "files_processed": 64,
      "records": 8,
      "sumw": 27883106.745507006,
      "xsec_pb": 0.775
    },
    "Zto2Nu-2Jets_Bin-2J-PTNuNu-40to100_TuneCP5_13p6TeV_amcatnloFXFX-pythia8-RunIII2024Summer24NanoAODv15-150X_mcRun3_2024_realistic_v2-v3": {
      "files_processed": 1228,
      "records": 166,
      "sumw": 937505336979.5839,
      "xsec_pb": 328.6
    },
    "Zto2Nu-2Jets_Bin-2J-PTNuNu-600_TuneCP5_13p6TeV_amcatnloFXFX-pythia8-RunIII2024Summer24NanoAODv15-150X_mcRun3_2024_realistic_v2-v2": {
      "files_processed": 66,
      "records": 9,
      "sumw": 3812531.1804538197,
      "xsec_pb": 0.1304
    }
  },
  "read_errors": [],
  "region_summary": {
    "cat2_LLCR_highDeltaM": {
      "met_down_delta_sum_new": -461.7309891636754,
      "met_down_delta_sum_old": -272.6224539885801,
      "met_up_delta_sum_new": 214.8878503462117,
      "met_up_delta_sum_old": 403.99638552130693,
      "new_background_sum": 40851.975073835674,
      "new_zinv_sum": 189.10853517509526,
      "old_background_sum": 40662.86653866057,
      "old_zinv_sum": 0.0,
      "variable": "metpt",
      "zinv_tail_sum": 189.10853517509526
    },
    "cat3_QCDCR_highDeltaM": {
      "met_down_delta_sum_new": -3507.1865479897215,
      "met_down_delta_sum_old": -3240.0607111745744,
      "met_up_delta_sum_new": -346.50490616665996,
      "met_up_delta_sum_old": -79.37906935151199,
      "new_background_sum": 34504.094098853166,
      "new_zinv_sum": 267.448658339456,
      "old_background_sum": 34236.96826203802,
      "old_zinv_sum": 0.3228215243080424,
      "variable": "metpt",
      "zinv_tail_sum": 267.125836815148
    },
    "cat4_GCR_highDeltaM": {
      "met_down_delta_sum_new": 113.44921472715463,
      "met_down_delta_sum_old": 114.80063019751988,
      "met_up_delta_sum_new": -154.73522968544194,
      "met_up_delta_sum_old": -153.3838142150767,
      "new_background_sum": 9870.95064236348,
      "new_zinv_sum": 1.3514154703652617,
      "old_background_sum": 9869.599226893117,
      "old_zinv_sum": 0.0,
      "variable": "recoil_pt",
      "zinv_tail_sum": 1.3514154703652617
    },
    "cat5_DY2E_highDeltaM": {
      "met_down_delta_sum_new": -38.40395335856246,
      "met_down_delta_sum_old": -38.40395335856246,
      "met_up_delta_sum_new": -27.45051819523321,
      "met_up_delta_sum_old": -27.45051819523321,
      "new_background_sum": 348.44342216686255,
      "new_zinv_sum": 0.0,
      "old_background_sum": 348.44342216686255,
      "old_zinv_sum": 0.0,
      "variable": "recoil_pt",
      "zinv_tail_sum": 0.0
    },
    "cat6_DY2M_highDeltaM": {
      "met_down_delta_sum_new": 41.17607735262476,
      "met_down_delta_sum_old": 41.17607735262476,
      "met_up_delta_sum_new": 32.40813400896309,
      "met_up_delta_sum_old": 32.40813400896309,
      "new_background_sum": 387.11807379598565,
      "new_zinv_sum": 0.0,
      "old_background_sum": 387.11807379598565,
      "old_zinv_sum": 0.0,
      "variable": "recoil_pt",
      "zinv_tail_sum": 0.0
    },
    "cat7_SR_highDeltaM": {
      "met_down_delta_sum_new": -80.3831633718406,
      "met_down_delta_sum_old": 4005.1096713464885,
      "met_up_delta_sum_new": 363.2217823545695,
      "met_up_delta_sum_old": 4448.714617072898,
      "new_background_sum": 34706.912123467395,
      "new_zinv_sum": 4085.443877579808,
      "old_background_sum": 30621.419288749064,
      "old_zinv_sum": -0.048957138521783516,
      "variable": "metpt",
      "zinv_tail_sum": 4085.4928347183295
    }
  },
  "schema_version": "zinv_tail_correction_v1",
  "skipped_indices": [
    1967,
    1968,
    1971,
    1985,
    2001,
    2030,
    2031,
    2044,
    2057,
    2069,
    2075,
    2078,
    2079,
    2099,
    2104
  ]
}
