{
  "agreement_claim": "No independent agreement with stop_processor_v4.py is claimed by autonomous_allhad.",
  "jet_id_source_counts": {
    "correctionlib_AK4PUPPI_TightLeptonVeto": 290006
  },
  "legacy_validation_status": "external/manual",
  "process_summaries": {
    "DY": {
      "n_e_medium_mean": 0.5831666666666667,
      "n_e_medium_nonzero_events": 8644,
      "n_e_veto_mean": 0.6590416666666666,
      "n_e_veto_nonzero_events": 9587,
      "n_m_loose_mean": 0.758625,
      "n_m_loose_nonzero_events": 10404,
      "n_m_medium_mean": 0.726,
      "n_m_medium_nonzero_events": 10091,
      "n_photon_medium_mean": 0.198625,
      "n_photon_medium_nonzero_events": 4558,
      "nb_medium_mean": 0.17079166666666667,
      "nb_medium_nonzero_events": 3631,
      "nfj_mean": 0.8629583333333334,
      "nfj_nonzero_events": 16625,
      "njet_mean": 2.824875,
      "njet_nonzero_events": 23990,
      "rows": 24000
    },
    "EGamma": {
      "n_e_medium_mean": 0.23766666666666666,
      "n_e_medium_nonzero_events": 5364,
      "n_e_veto_mean": 0.333125,
      "n_e_veto_nonzero_events": 7412,
      "n_m_loose_mean": 0.013666666666666667,
      "n_m_loose_nonzero_events": 320,
      "n_m_medium_mean": 0.0023333333333333335,
      "n_m_medium_nonzero_events": 55,
      "n_photon_medium_mean": 0.0010416666666666667,
      "n_photon_medium_nonzero_events": 24,
      "nb_medium_mean": 0.081,
      "nb_medium_nonzero_events": 1738,
      "nfj_mean": 0.019166666666666665,
      "nfj_nonzero_events": 424,
      "njet_mean": 1.2795416666666666,
      "njet_nonzero_events": 17185,
      "rows": 24000
    },
    "GJ": {
      "n_e_medium_mean": 0.04033333333333333,
      "n_e_medium_nonzero_events": 964,
      "n_e_veto_mean": 0.07354166666666667,
      "n_e_veto_nonzero_events": 1731,
      "n_m_loose_mean": 0.023833333333333335,
      "n_m_loose_nonzero_events": 475,
      "n_m_medium_mean": 0.010833333333333334,
      "n_m_medium_nonzero_events": 179,
      "n_photon_medium_mean": 0.673375,
      "n_photon_medium_nonzero_events": 16136,
      "nb_medium_mean": 0.11575,
      "nb_medium_nonzero_events": 2483,
      "nfj_mean": 0.37704166666666666,
      "nfj_nonzero_events": 8409,
      "njet_mean": 2.5016666666666665,
      "njet_nonzero_events": 23980,
      "rows": 24000
    },
    "JetMET": {
      "n_e_medium_mean": 0.005666666666666667,
      "n_e_medium_nonzero_events": 135,
      "n_e_veto_mean": 0.03654166666666667,
      "n_e_veto_nonzero_events": 860,
      "n_m_loose_mean": 0.029541666666666667,
      "n_m_loose_nonzero_events": 675,
      "n_m_medium_mean": 0.01225,
      "n_m_medium_nonzero_events": 276,
      "n_photon_medium_mean": 0.0009166666666666666,
      "n_photon_medium_nonzero_events": 22,
      "nb_medium_mean": 0.3229166666666667,
      "nb_medium_nonzero_events": 5325,
      "nfj_mean": 0.28979166666666667,
      "nfj_nonzero_events": 5903,
      "njet_mean": 2.5015,
      "njet_nonzero_events": 20438,
      "rows": 24000
    },
    "Muon": {
      "n_e_medium_mean": 0.004291666666666667,
      "n_e_medium_nonzero_events": 101,
      "n_e_veto_mean": 0.036208333333333335,
      "n_e_veto_nonzero_events": 854,
      "n_m_loose_mean": 0.7292916666666667,
      "n_m_loose_nonzero_events": 15201,
      "n_m_medium_mean": 0.6015416666666666,
      "n_m_medium_nonzero_events": 13240,
      "n_photon_medium_mean": 8.333333333333333e-05,
      "n_photon_medium_nonzero_events": 2,
      "nb_medium_mean": 0.32279166666666664,
      "nb_medium_nonzero_events": 6365,
      "nfj_mean": 0.014333333333333333,
      "nfj_nonzero_events": 306,
      "njet_mean": 0.991375,
      "njet_nonzero_events": 12481,
      "rows": 24000
    },
    "QCD": {
      "n_e_medium_mean": 0.002875,
      "n_e_medium_nonzero_events": 69,
      "n_e_veto_mean": 0.025291666666666667,
      "n_e_veto_nonzero_events": 591,
      "n_m_loose_mean": 0.016708333333333332,
      "n_m_loose_nonzero_events": 393,
      "n_m_medium_mean": 0.0020833333333333333,
      "n_m_medium_nonzero_events": 50,
      "n_photon_medium_mean": 0.0019166666666666666,
      "n_photon_medium_nonzero_events": 46,
      "nb_medium_mean": 0.25366666666666665,
      "nb_medium_nonzero_events": 5143,
      "nfj_mean": 0.7350833333333333,
      "nfj_nonzero_events": 14004,
      "njet_mean": 3.8415416666666666,
      "njet_nonzero_events": 24000,
      "rows": 24000
    },
    "SMS": {
      "n_e_medium_mean": 0.17384449742367147,
      "n_e_medium_nonzero_events": 4302,
      "n_e_veto_mean": 0.22883180804429748,
      "n_e_veto_nonzero_events": 5503,
      "n_m_loose_mean": 0.25851726524648155,
      "n_m_loose_nonzero_events": 6178,
      "n_m_medium_mean": 0.225986310851342,
      "n_m_medium_nonzero_events": 5509,
      "n_photon_medium_mean": 0.006729216334691994,
      "n_photon_medium_nonzero_events": 175,
      "nb_medium_mean": 1.501499653926017,
      "nb_medium_nonzero_events": 23888,
      "nfj_mean": 0.7061062831654233,
      "nfj_nonzero_events": 13976,
      "njet_mean": 4.955087287549027,
      "njet_nonzero_events": 25986,
      "rows": 26006
    },
    "ST": {
      "n_e_medium_mean": 0.006166666666666667,
      "n_e_medium_nonzero_events": 145,
      "n_e_veto_mean": 0.03725,
      "n_e_veto_nonzero_events": 874,
      "n_m_loose_mean": 0.037875,
      "n_m_loose_nonzero_events": 887,
      "n_m_medium_mean": 0.012583333333333334,
      "n_m_medium_nonzero_events": 299,
      "n_photon_medium_mean": 0.0,
      "n_photon_medium_nonzero_events": 0,
      "nb_medium_mean": 0.8286666666666667,
      "nb_medium_nonzero_events": 16128,
      "nfj_mean": 0.026916666666666665,
      "nfj_nonzero_events": 579,
      "njet_mean": 2.5987916666666666,
      "njet_nonzero_events": 23026,
      "rows": 24000
    },
    "TT": {
      "n_e_medium_mean": 0.304,
      "n_e_medium_nonzero_events": 6472,
      "n_e_veto_mean": 0.3973333333333333,
      "n_e_veto_nonzero_events": 8146,
      "n_m_loose_mean": 0.49120833333333336,
      "n_m_loose_nonzero_events": 9664,
      "n_m_medium_mean": 0.4397916666666667,
      "n_m_medium_nonzero_events": 8876,
      "n_photon_medium_mean": 0.0065,
      "n_photon_medium_nonzero_events": 154,
      "nb_medium_mean": 2.709791666666667,
      "nb_medium_nonzero_events": 23647,
      "nfj_mean": 1.0674166666666667,
      "nfj_nonzero_events": 15806,
      "njet_mean": 7.823166666666666,
      "njet_nonzero_events": 23998,
      "rows": 24000
    },
    "VV": {
      "n_e_medium_mean": 0.141375,
      "n_e_medium_nonzero_events": 3259,
      "n_e_veto_mean": 0.18316666666666667,
      "n_e_veto_nonzero_events": 4143,
      "n_m_loose_mean": 0.1915,
      "n_m_loose_nonzero_events": 4302,
      "n_m_medium_mean": 0.1695,
      "n_m_medium_nonzero_events": 3869,
      "n_photon_medium_mean": 0.000625,
      "n_photon_medium_nonzero_events": 15,
      "nb_medium_mean": 0.05320833333333334,
      "nb_medium_nonzero_events": 1228,
      "nfj_mean": 0.016,
      "nfj_nonzero_events": 340,
      "njet_mean": 1.6015,
      "njet_nonzero_events": 19066,
      "rows": 24000
    },
    "WtoLNu": {
      "n_e_medium_mean": 0.3165833333333333,
      "n_e_medium_nonzero_events": 7575,
      "n_e_veto_mean": 0.36025,
      "n_e_veto_nonzero_events": 8449,
      "n_m_loose_mean": 0.39016666666666666,
      "n_m_loose_nonzero_events": 9240,
      "n_m_medium_mean": 0.36820833333333336,
      "n_m_medium_nonzero_events": 8827,
      "n_photon_medium_mean": 0.162625,
      "n_photon_medium_nonzero_events": 3887,
      "nb_medium_mean": 0.05608333333333333,
      "nb_medium_nonzero_events": 1320,
      "nfj_mean": 0.04654166666666667,
      "nfj_nonzero_events": 1113,
      "njet_mean": 1.2977916666666667,
      "njet_nonzero_events": 23934,
      "rows": 24000
    },
    "Zto2Nu": {
      "n_e_medium_mean": 0.001875,
      "n_e_medium_nonzero_events": 45,
      "n_e_veto_mean": 0.022958333333333334,
      "n_e_veto_nonzero_events": 540,
      "n_m_loose_mean": 0.013291666666666667,